# Generated by trace/fabric-metrics-to-ffw-trace.py. Do not edit by hand; regenerate from the inputs.
# mode: iperf3 (controlled validation), offered = iperf3 target bitrate (--bitrate) x reported test span
# interval_seconds: 1   t0: 1790776028.458 unix s (2026-09-30T13:47:08.458Z)
# inputs: tcp-salt-to-star.json, udp-losa-to-mich-200M.json, udp-newy-to-mich-500M.json   mapping: fabric-5site-example.json   topology: fabric-sites.json
# flows:
#   flow 1001: terminal 0 -> 8, intervals 0-10  <- udp-losa-to-mich-200M.json
#   flow 1002: terminal 6 -> 9, intervals 2-8  <- udp-newy-to-mich-500M.json
#   flow 1003: terminal 2 -> 4, intervals 3-8  <- tcp-salt-to-star.json
interval,flow_id,source_terminal,destination_terminal,offered_gbit
0,1001,0,8,0.2
1,1001,0,8,0.2
2,1001,0,8,0.2
3,1001,0,8,0.2
4,1001,0,8,0.2
5,1001,0,8,0.2
6,1001,0,8,0.2
7,1001,0,8,0.2
8,1001,0,8,0.2
9,1001,0,8,0.2
10,1001,0,8,0.0010072
2,1002,6,9,0.348
3,1002,6,9,0.5
4,1002,6,9,0.5
5,1002,6,9,0.5
6,1002,6,9,0.5
7,1002,6,9,0.5
8,1002,6,9,0.1534775
3,1003,2,4,0.088
4,1003,2,4,1
5,1003,2,4,1
6,1003,2,4,1
7,1003,2,4,1
8,1003,2,4,0.913691
